{"train/update_s":0.38444507103646175,"train/epochs":20.82113345045221,"train/episodes":520.5283362613052,"train/dataloading_s":0.013729525089729577,"train/loss":0.0859327370300889,"_timestamp":1.7656964801940038e+09,"train/lr":1.0000000000000021e-05,"_wandb":{"runtime":4201},"train/l1_loss":0.07324866205453873,"train/kld_loss":0.0007524262182414532,"_runtime":4201.137512163,"_step":10000,"train/samples":640000,"train/steps":10000,"train/grad_norm":7.223806838989258}